[
	{"name": "cc BTC", "label": "Bitcoin"},
	{"name": "cc BTC-alt", "label": "Bitcoin"},
	{"name": "cc LTC", "label": "Litecoin"},
	{"name": "cc LTC-alt", "label": "Litecoin"},
	{"name": "cc NMC", "label": "Namecoin"},
	{"name": "cc NMC-alt", "label": "Namecoin"},
	{"name": "cc DOGE", "label": "Dogecoin"},
	{"name": "cc DOGE-alt", "label": "Dogecoin"},
	{"name": "cc DASH", "label": "Dash"},
	{"name": "cc DASH-alt", "label": "Dash"},
	{"name": "cc PPC", "label": "Peercoin"},
	{"name": "cc PPC-alt", "label": "Peercoin"},
	{"name": "cc XRP", "label": "Ripple"},
	{"name": "cc XRP-alt", "label": "Ripple"},
	{"name": "cc BTS", "label": "BitShares"},
	{"name": "cc BTS-alt", "label": "BitShares"},
	{"name": "cc NXT", "label": "Nxt"},
	{"name": "cc NXT-alt", "label": "Nxt"},
	{"name": "cc XCP", "label": "Counterparty"},
	{"name": "cc XCP-alt", "label": "Counterparty"},
	{"name": "cc XMR", "label": "Monero"},
	{"name": "cc STR", "label": "Stellar"},
	{"name": "cc STR-alt", "label": "Stellar"},
	{"name": "cc FC2", "label": "FuelCoin"},
	{"name": "cc FC2-alt", "label": "FuelCoin"},
	{"name": "cc BANX", "label": "BanxShares"},
	{"name": "cc BANX-alt", "label": "BanxShares"},
	{"name": "cc NBT", "label": "NuBits"},
	{"name": "cc BTCD", "label": "BitcoinDark"},
	{"name": "cc BTCD-alt", "label": "BitcoinDark"},
	{"name": "cc YBC", "label": "YbCoin"},
	{"name": "cc YBC-alt", "label": "YbCoin"},
	{"name": "cc BC", "label": "BlackCoin"},
	{"name": "cc BC-alt", "label": "BlackCoin"},
	{"name": "cc MSC", "label": "Mastercoin"},
	{"name": "cc MSC-alt", "label": "Mastercoin"},
	{"name": "cc FTC", "label": "Feathercoin"},
	{"name": "cc FTC-alt", "label": "Feathercoin"},
	{"name": "cc SYNC", "label": "Sync"},
	{"name": "cc SYNC-alt", "label": "Sync"},
	{"name": "cc SDC", "label": "Shadow"},
	{"name": "cc SDC-alt", "label": "Shadow"},
	{"name": "cc POT", "label": "PotCoin"},
	{"name": "cc POT-alt", "label": "PotCoin"},
	{"name": "cc OPAL", "label": "OpalCoin"},
	{"name": "cc OPAL-alt", "label": "OpalCoin"},
	{"name": "cc BCN", "label": "Bytecoin"},
	{"name": "cc BCN-alt", "label": "Bytecoin"},
	{"name": "cc GRC", "label": "Gridcoin"},
	{"name": "cc GRC-alt", "label": "Gridcoin"},
	{"name": "cc KORE", "label": "KoreCoin"},
	{"name": "cc KORE-alt", "label": "KoreCoin"},
	{"name": "cc MAID", "label": "MaidSafeCoin"},
	{"name": "cc MAID-alt", "label": "MaidSafeCoin"},
	{"name": "cc QRK", "label": "Quark"},
	{"name": "cc QRK-alt", "label": "Quark"},
	{"name": "cc UNITY", "label": "SuperNET"},
	{"name": "cc UNITY-alt", "label": "SuperNET"},
	{"name": "cc VIOR", "label": "Viorcoin"},
	{"name": "cc VIOR-alt", "label": "Viorcoin"},
	{"name": "cc VPN", "label": "VPN coin"},
	{"name": "cc VPN-alt", "label": "VPN coin"},
	{"name": "cc ARCH", "label": "ARCHcoin"},
	{"name": "cc ARCH-alt", "label": "ARCHcoin"},
	{"name": "cc GEMZ", "label": "GetGems"},
	{"name": "cc GEMZ-alt", "label": "GetGems"},
	{"name": "cc IFC", "label": "Infinitecoin"},
	{"name": "cc IFC-alt", "label": "Infinitecoin"},
	{"name": "cc NOTE", "label": "DNotes"},
	{"name": "cc NOTE-alt", "label": "DNotes"},
	{"name": "cc RBT", "label": "Rimbit"},
	{"name": "cc RBT-alt", "label": "Rimbit"},
	{"name": "cc VRC", "label": "VeriCoin"},
	{"name": "cc VRC-alt", "label": "VeriCoin"},
	{"name": "cc VTC", "label": "Vertcoin"},
	{"name": "cc VTC-alt", "label": "Vertcoin"},
	{"name": "cc XBS", "label": "BitStake"},
	{"name": "cc XBS-alt", "label": "BitStake"},
	{"name": "cc XEM", "label": "NEM"},
	{"name": "cc XEM-alt", "label": "NEM"},
	{"name": "cc DMD", "label": "Diamond"},
	{"name": "cc DMD-alt", "label": "Diamond"},
	{"name": "cc FRK", "label": "Franko"},
	{"name": "cc FRK-alt", "label": "Franko"},
	{"name": "cc IOC", "label": "I/O Coin"},
	{"name": "cc IOC-alt", "label": "I/O Coin"},
	{"name": "cc LDOGE", "label": "LiteDoge"},
	{"name": "cc LDOGE-alt", "label": "LiteDoge"},
	{"name": "cc MTR", "label": "MasterTrader"},
	{"name": "cc MTR-alt", "label": "MasterTrader"},
	{"name": "cc MUE", "label": "Monetary…"},
	{"name": "cc MUE-alt", "label": "Monetary…"},
	{"name": "cc XAI", "label": "Sapience…"},
	{"name": "cc XAI-alt", "label": "Sapience…"},
	{"name": "cc XPM", "label": "PrimeCoin"},
	{"name": "cc XPM-alt", "label": "PrimeCoin"},
	{"name": "cc BAY", "label": "BitBay"},
	{"name": "cc BAY-alt", "label": "BitBay"},
	{"name": "cc DGB", "label": "DigiByte"},
	{"name": "cc DGB-alt", "label": "DigiByte"},
	{"name": "cc EMC", "label": "EmerCoin"},
	{"name": "cc EMC-alt", "label": "EmerCoin"},
	{"name": "cc ETH", "label": "Ethereum"},
	{"name": "cc ETH-alt", "label": "Ethereum"},
	{"name": "cc MINT", "label": "MintCoin"},
	{"name": "cc MINT-alt", "label": "MintCoin"},
	{"name": "cc MONA", "label": "MonaCoin"},
	{"name": "cc MONA-alt", "label": "MonaCoin"},
	{"name": "cc MRC", "label": "MicroCoin"},
	{"name": "cc NEU", "label": "NeuCoin"},
	{"name": "cc NEU-alt", "label": "NeuCoin"},
	{"name": "cc NVC", "label": "Novacoin"},
	{"name": "cc NVC-alt", "label": "Novacoin"},
	{"name": "cc RBY", "label": "Rubycoin"},
	{"name": "cc RBY-alt", "label": "Rubycoin"},
	{"name": "cc AEON", "label": "Aeon"},
	{"name": "cc AEON-alt", "label": "Aeon"},
	{"name": "cc AMP", "label": "Synereo"},
	{"name": "cc AMP-alt", "label": "Synereo"},
	{"name": "cc ANC", "label": "Anoncoin"},
	{"name": "cc ANC-alt", "label": "Anoncoin"},
	{"name": "cc BTA", "label": "Bata"},
	{"name": "cc CLAM", "label": "Clams"},
	{"name": "cc CLAM-alt", "label": "Clams"},
	{"name": "cc CLOAK", "label": "Cloakcoin"},
	{"name": "cc CLOAK-alt", "label": "Cloakcoin"},
	{"name": "cc DCR", "label": "Decred"},
	{"name": "cc DCR-alt", "label": "Decred"},
	{"name": "cc NEOS", "label": "Neos"},
	{"name": "cc NEOS-alt", "label": "Neos"},
	{"name": "cc NLG", "label": "Gulden"},
	{"name": "cc NLG-alt", "label": "Gulden"},
	{"name": "cc OK", "label": "OKcash"},
	{"name": "cc OK-alt", "label": "OKcash"},
	{"name": "cc OMNI", "label": "Omni"},
	{"name": "cc OMNI-alt", "label": "Omni"},
	{"name": "cc SCOT", "label": "Scotcoin"},
	{"name": "cc SCOT-alt", "label": "Scotcoin"},
	{"name": "cc SJCX", "label": "Storjcoin"},
	{"name": "cc SJCX-alt", "label": "Storjcoin"},
	{"name": "cc START", "label": "Startcoin"},
	{"name": "cc START-alt", "label": "Startcoin"},
	{"name": "cc SYS", "label": "Syscoin"},
	{"name": "cc SYS-alt", "label": "Syscoin"},
	{"name": "cc TX", "label": "Transfercoin"},
	{"name": "cc TX-alt", "label": "Transfercoin"},
	{"name": "cc VNL", "label": "Vanillacoin"},
	{"name": "cc VNL-alt", "label": "Vanillacoin"},
	{"name": "cc XVG", "label": "Verge"},
	{"name": "cc XVG-alt", "label": "Verge"},
	{"name": "cc DGD", "label": "DigixDAO"},
	{"name": "cc DGX", "label": "Digix Gold"},
	{"name": "cc FCT", "label": "Factom"},
	{"name": "cc FCT-alt", "label": "Factom"},
	{"name": "cc GDC", "label": "Digitalcoin"},
	{"name": "cc GDC-alt", "label": "Digitalcoin"},
	{"name": "cc JBS", "label": "Jumbucks"},
	{"name": "cc JBS-alt", "label": "Jumbucks"},
	{"name": "cc LISK", "label": "Lisk"},
	{"name": "cc LISK-alt", "label": "Lisk"},
	{"name": "cc PIGGY", "label": "PiggyCoin"},
	{"name": "cc PIGGY-alt", "label": "PiggyCoin"},
	{"name": "cc RBIES", "label": "Rubies"},
	{"name": "cc RBIES-alt", "label": "Rubies"},
	{"name": "cc SAR", "label": "Sarcoin"},
	{"name": "cc SAR-alt", "label": "Sarcoin"},
	{"name": "cc SLG", "label": "SterlingCoin"},
	{"name": "cc SLG-alt", "label": "SterlingCoin"},
	{"name": "cc USDT", "label": "Tether"},
	{"name": "cc USDT-alt", "label": "Tether"},
	{"name": "cc ZEIT", "label": "Zeitcoin"},
	{"name": "cc ZEIT-alt", "label": "Zeitcoin"},
	{"name": "cc ADC", "label": "AudioCoin"},
	{"name": "cc ADC-alt", "label": "AudioCoin"},
	{"name": "cc BSD", "label": "Bitsend"},
	{"name": "cc BSD-alt", "label": "Bitsend"},
	{"name": "cc DAO", "label": "The DAO"},
	{"name": "cc DAO-alt", "label": "The DAO"},
	{"name": "cc ERC", "label": "EuropeCoin"},
	{"name": "cc ERC-alt", "label": "EuropeCoin"},
	{"name": "cc ETC", "label": "Eth. Classic"},
	{"name": "cc ETC-alt", "label": "Eth. Classic"},
	{"name": "cc GLD", "label": "GoldCoin"},
	{"name": "cc GLD-alt", "label": "GoldCoin"},
	{"name": "cc GRS", "label": "Groestlcoin"},
	{"name": "cc KOBO", "label": "Kobocoin"},
	{"name": "cc LBC", "label": "LBRY"},
	{"name": "cc LBC-alt", "label": "LBRY"},
	{"name": "cc PINK", "label": "Pinkcoin"},
	{"name": "cc PINK-alt", "label": "Pinkcoin"},
	{"name": "cc RDD", "label": "Reddcoin"},
	{"name": "cc RDD-alt", "label": "Reddcoin"},
	{"name": "cc RISE", "label": "RISE"},
	{"name": "cc RISE-alt", "label": "RISE"},
	{"name": "cc SIA", "label": "Sia"},
	{"name": "cc SIA-alt", "label": "Sia"},
	{"name": "cc SLS", "label": "Salus"},
	{"name": "cc SLS-alt", "label": "Salus"},
	{"name": "cc SNRG", "label": "SynergyCoin"},
	{"name": "cc SNRG-alt", "label": "SynergyCoin"},
	{"name": "cc STEEM", "label": "Steem"},
	{"name": "cc STEEM-alt", "label": "Steem"},
	{"name": "cc STRAT", "label": "Stratis"},
	{"name": "cc STRAT-alt", "label": "Stratis"},
	{"name": "cc SWIFT", "label": "BitSwift"},
	{"name": "cc SWIFT-alt", "label": "BitSwift"},
	{"name": "on", "label": ""},
	{"name": "on", "label": ""},
	{"name": "on", "label": ""},
	{"name": "on", "label": ""},
	{"name": "on", "label": ""},
	{"name": "on", "label": ""}
]